timestamp,mmsi,latitude,longitude,speed,course
2026-09-17 08:00,111000001,13.05,80.28,12,90
2026-09-17 08:01,111000001,13.051,80.282,12,90
2026-09-17 08:02,111000001,13.052,80.284,13,91
2026-09-17 08:03,111000001,13.053,80.286,13,91
2026-09-17 08:04,111000001,13.054,80.288,14,92
2026-09-17 08:05,111000001,13.055,80.29,14,92
2026-09-17 08:06,111000001,13.056,80.292,14,93
2026-09-17 08:07,111000001,13.057,80.294,15,93
2026-09-17 08:08,111000001,25.0,60.0,15,94
2026-09-17 08:09,111000001,13.059,80.298,15,94
2026-09-17 08:00,222000002,13.1,80.3,10,45
2026-09-17 08:01,222000002,13.101,80.301,11,46
2026-09-17 08:02,222000002,13.102,80.302,12,46
2026-09-17 08:03,222000002,13.103,80.303,13,47
2026-09-17 08:04,222000002,13.104,80.304,14,47
2026-09-17 08:05,222000002,13.105,80.305,120,48
2026-09-17 08:06,222000002,13.106,80.306,14,48
2026-09-17 08:00,333000003,13.15,80.35,8,180
2026-09-17 08:01,333000003,13.148,80.35,8,180
2026-09-17 08:02,333000003,13.146,80.35,9,181
2026-09-17 08:03,333000003,13.144,80.35,9,181
2026-09-17 08:04,333000003,13.142,80.35,10,182
2026-09-17 08:05,333000003,13.14,80.35,10,182
2026-09-17 08:00,444000004,13.2,80.4,11,270
2026-09-17 08:01,444000004,13.2,80.398,11,270
2026-09-17 08:02,444000004,13.2,80.396,12,270
2026-09-17 08:03,444000004,13.2,80.394,12,271
2026-09-17 08:04,444000004,8.5,77.5,12,271
2026-09-17 08:05,444000004,13.2,80.39,12,271
2026-09-17 08:00,555000005,13.25,80.45,16,135
2026-09-17 08:01,555000005,13.252,80.452,16,135
2026-09-17 08:02,555000005,13.254,80.454,16,136
2026-09-17 08:03,555000005,13.256,80.456,17,136
2026-09-17 08:04,555000005,13.258,80.458,17,137
2026-09-17 14:20:00,352984123,12.2831,43.7897,18.4,322
2026-09-17 14:21:00,352984123,12.3028,43.7743,18.4,322
2026-09-17 14:22:00,352984123,12.3225,43.759,18.4,322
2026-09-17 14:23:00,352984123,12.3422,43.7436,18.4,322
2026-09-17 14:24:00,352984123,12.3619,43.7282,18.4,322
2026-09-17 14:25:00,352984123,12.3816,43.7128,18.4,322
2026-09-17 14:26:00,352984123,12.4013,43.6974,18.4,322
2026-09-17 14:27:00,352984123,12.421,43.682,18.4,322
2026-09-17 14:28:00,352984123,12.7145,43.4512,18.4,322
2026-09-17 14:29:00,352984123,12.731,43.435,18.5,320
2026-09-17 14:30:00,352984123,12.748,43.419,18.6,318
2026-09-17 14:31:00,352984123,12.765,43.402,18.6,318
2026-09-17 14:20:00,636019482,1.221,103.7197,13.8,85
2026-09-17 14:21:00,636019482,1.2223,103.7347,13.8,85
2026-09-17 14:22:00,636019482,1.2236,103.7496,13.8,85
2026-09-17 14:23:00,636019482,1.2249,103.7646,13.8,85
2026-09-17 14:24:00,636019482,1.2262,103.7795,13.8,85
2026-09-17 14:25:00,636019482,1.2276,103.7944,13.8,85
2026-09-17 14:26:00,636019482,1.2289,103.8094,13.8,85
2026-09-17 14:27:00,636019482,1.2302,103.8243,13.8,85
2026-09-17 14:28:00,636019482,1.2315,103.8393,13.8,85
2026-09-17 14:29:00,636019482,1.2328,103.8542,13.8,85
2026-09-17 14:30:00,636019482,1.2341,103.8692,13.8,85
2026-09-17 14:31:00,636019482,1.2354,103.8841,13.8,85
2026-09-17 14:20:00,228392100,23.8412,58.6221,16.2,305
2026-09-17 14:21:00,228392100,23.8612,58.6461,16.2,305
2026-09-17 14:22:00,228392100,23.8812,58.6701,16.2,305
2026-09-17 14:23:00,228392100,23.9012,58.6941,16.2,305
2026-09-17 14:24:00,228392100,23.9212,58.7181,16.2,305
2026-09-17 14:25:00,228392100,23.9412,58.7641,16.2,305
2026-09-17 14:26:00,228392100,23.9584,58.7558,16.2,305
2026-09-17 14:27:00,228392100,23.9626,58.7372,16.2,305
2026-09-17 14:28:00,228392100,23.9507,58.7223,16.2,305
2026-09-17 14:29:00,228392100,23.9317,58.7223,16.2,305
2026-09-17 14:30:00,228392100,23.9198,58.7372,16.2,305
2026-09-17 14:31:00,228392100,23.924,58.7558,16.2,305
2026-09-17 14:20:00,477192834,5.8272,80.3475,19.1,92
2026-09-17 14:21:00,477192834,5.8266,80.3625,19.1,92
2026-09-17 14:22:00,477192834,5.8261,80.3775,19.1,92
2026-09-17 14:23:00,477192834,5.8256,80.3925,19.1,92
2026-09-17 14:24:00,477192834,5.8251,80.4075,19.1,92
2026-09-17 14:25:00,477192834,5.8245,80.4225,19.1,92
2026-09-17 14:26:00,477192834,5.824,80.4374,19.1,92
2026-09-17 14:27:00,477192834,5.8235,80.4524,19.1,92
2026-09-17 14:28:00,477192834,5.823,80.4674,19.1,92
2026-09-17 14:29:00,477192834,5.8224,80.4824,19.1,92
2026-09-17 14:30:00,477192834,5.8219,80.4974,19.1,92
2026-09-17 14:31:00,477192834,5.8214,80.5124,19.1,92
2026-09-17 14:20:00,466381000,18.3844,62.5644,12.6,210
2026-09-17 14:21:00,466381000,18.3714,62.5569,12.6,210
2026-09-17 14:22:00,466381000,18.3584,62.5494,12.6,210
2026-09-17 14:23:00,466381000,18.3454,62.5419,12.6,210
2026-09-17 14:24:00,466381000,18.3324,62.5344,12.6,210
2026-09-17 14:25:00,466381000,18.3194,62.5269,12.6,210
2026-09-17 14:26:00,466381000,18.3065,62.5194,12.6,210
2026-09-17 14:27:00,466381000,18.2935,62.5119,12.6,210
2026-09-17 14:28:00,466381000,18.2792,62.5032,15.1,210
2026-09-17 14:29:00,466381000,18.2644,62.4939,15.1,210
2026-09-17 14:30:00,466381000,18.2574,62.4923,15.1,210
2026-09-17 14:31:00,466381000,18.2458,62.4862,15.1,210
2026-09-17 14:20:00,563029112,1.1254,103.9675,11.4,68
2026-09-17 14:21:00,563029112,1.131,103.9814,11.4,68
2026-09-17 14:22:00,563029112,1.1366,103.9953,11.4,68
2026-09-17 14:23:00,563029112,1.1422,104.0092,11.4,68
2026-09-17 14:24:00,563029112,1.1479,104.0231,11.4,68
2026-09-17 14:25:00,563029112,1.1535,104.0371,11.4,68
2026-09-17 14:26:00,563029112,1.1591,104.051,11.4,68
2026-09-17 14:27:00,563029112,1.1647,104.0649,11.4,68
2026-09-17 14:28:00,563029112,1.1703,104.0788,11.4,68
2026-09-17 14:29:00,563029112,1.176,104.0927,11.4,68
2026-09-17 14:30:00,563029112,1.1816,104.1066,11.4,68
2026-09-17 14:31:00,563029112,1.1872,104.1205,11.4,68
2026-09-17 14:20:00,211839210,14.7525,42.0183,17.5,340
2026-09-17 14:21:00,211839210,14.7666,42.0132,17.5,340
2026-09-17 14:22:00,211839210,14.7807,42.0081,17.5,340
2026-09-17 14:23:00,211839210,14.7948,42.0029,17.5,340
2026-09-17 14:24:00,211839210,14.8089,41.9978,17.5,340
2026-09-17 14:25:00,211839210,14.823,41.9927,17.5,340
2026-09-17 14:26:00,211839210,14.8371,41.9875,17.5,340
2026-09-17 14:27:00,211839210,15.0012,42.1324,22.5,25
2026-09-17 14:28:00,211839210,15.0212,42.1524,22.5,25
2026-09-17 14:29:00,211839210,15.0412,42.1724,22.5,25
2026-09-17 14:30:00,211839210,15.0612,42.1924,22.5,25
2026-09-17 14:31:00,211839210,15.0812,42.2124,22.5,25
2026-09-17 14:20:00,403219482,17.0088,55.3724,14,135
2026-09-17 14:21:00,403219482,16.9982,55.383,14,135
2026-09-17 14:22:00,403219482,16.9876,55.3936,14,135
2026-09-17 14:23:00,403219482,16.977,55.4042,14,135
2026-09-17 14:24:00,403219482,16.9663,55.4149,14,135
2026-09-17 14:25:00,403219482,16.9557,55.4255,14,135
2026-09-17 14:26:00,403219482,16.9451,55.4361,14,135
2026-09-17 14:27:00,403219482,16.9345,55.4467,14,135
2026-09-17 14:28:00,403219482,16.9239,55.4573,14,135
2026-09-17 14:29:00,403219482,16.9133,55.4679,14,135
2026-09-17 14:30:00,403219482,16.9027,55.4785,14,135
2026-09-17 14:31:00,403219482,16.8921,55.4891,14,135
2026-09-17 14:20:00,431092834,8.2621,95.6697,19.8,115
2026-09-17 14:21:00,431092834,8.2558,95.6833,19.8,115
2026-09-17 14:22:00,431092834,8.2495,95.6968,19.8,115
2026-09-17 14:23:00,431092834,8.2431,95.7104,19.8,115
2026-09-17 14:24:00,431092834,8.2368,95.724,19.8,115
2026-09-17 14:25:00,431092834,8.2304,95.7376,19.8,115
2026-09-17 14:26:00,431092834,8.2241,95.7512,19.8,115
2026-09-17 14:27:00,431092834,8.2178,95.7648,19.8,115
2026-09-17 14:28:00,431092834,8.2142,95.7812,22.3,115
2026-09-17 14:29:00,431092834,8.2056,95.7925,22.3,115
2026-09-17 14:30:00,431092834,8.203,95.8099,22.3,115
2026-09-17 14:31:00,431092834,8.1917,95.8185,22.3,115
2026-09-17 14:20:00,257091230,13.6693,81.9434,15.2,198
2026-09-17 14:21:00,257091230,13.6551,81.9388,15.2,198
2026-09-17 14:22:00,257091230,13.6408,81.9341,15.2,198
2026-09-17 14:23:00,257091230,13.6265,81.9295,15.2,198
2026-09-17 14:24:00,257091230,13.6123,81.9248,15.2,198
2026-09-17 14:25:00,257091230,13.598,81.9202,15.2,198
2026-09-17 14:26:00,257091230,13.5837,81.9156,15.2,198
2026-09-17 14:27:00,257091230,13.5695,81.9109,15.2,198
2026-09-17 14:28:00,257091230,13.5552,81.9063,15.2,198
2026-09-17 14:29:00,257091230,13.5409,81.9017,15.2,198
2026-09-17 14:30:00,257091230,13.5267,81.897,15.2,198
2026-09-17 14:31:00,257091230,13.5124,81.8924,15.2,198
2026-09-17 14:20:00,371928471,2.446,101.696,16.7,130
2026-09-17 14:21:00,371928471,2.461,101.681,16.7,130
2026-09-17 14:22:00,371928471,2.476,101.666,16.7,130
2026-09-17 14:23:00,371928471,2.491,101.651,16.7,130
2026-09-17 14:24:00,371928471,2.506,101.636,16.7,130
2026-09-17 14:25:00,371928471,2.521,101.621,16.7,130
2026-09-17 14:26:00,371928471,2.72,101.35,19.2,310
2026-09-17 14:27:00,371928471,2.76,101.31,19.2,310
2026-09-17 14:28:00,371928471,2.8,101.27,19.2,310
2026-09-17 14:29:00,371928471,2.83,101.235,19.2,310
2026-09-17 14:30:00,371928471,2.8512,101.2145,19.2,310
2026-09-17 14:31:00,371928471,2.87,101.19,19.2,310
2026-09-17 14:20:00,235081923,14.4051,86.7025,13.2,45
2026-09-17 14:21:00,235081923,14.4157,86.7131,13.2,45
2026-09-17 14:22:00,235081923,14.4263,86.7237,13.2,45
2026-09-17 14:23:00,235081923,14.4369,86.7343,13.2,45
2026-09-17 14:24:00,235081923,14.4476,86.745,13.2,45
2026-09-17 14:25:00,235081923,14.4582,86.7556,13.2,45
2026-09-17 14:26:00,235081923,14.4688,86.7662,13.2,45
2026-09-17 14:27:00,235081923,14.4794,86.7768,13.2,45
2026-09-17 14:28:00,235081923,14.49,86.7874,13.2,45
2026-09-17 14:29:00,235081923,14.5006,86.798,13.2,45
2026-09-17 14:30:00,235081923,14.5112,86.8086,13.2,45
2026-09-17 14:31:00,235081923,14.5218,86.8192,13.2,45
2026-09-17 14:20:00,255806490,19.653,38.6839,20.4,345
2026-09-17 14:21:00,255806490,19.6675,38.68,20.4,345
2026-09-17 14:22:00,255806490,19.682,38.6761,20.4,345
2026-09-17 14:23:00,255806490,19.6965,38.6723,20.4,345
2026-09-17 14:24:00,255806490,19.711,38.6684,20.4,345
2026-09-17 14:25:00,255806490,19.7255,38.6645,20.4,345
2026-09-17 14:26:00,255806490,19.74,38.6606,20.4,345
2026-09-17 14:27:00,255806490,19.7544,38.6567,20.4,345
2026-09-17 14:28:00,255806490,19.7715,38.6554,22.9,345
2026-09-17 14:29:00,255806490,19.7827,38.6483,22.9,345
2026-09-17 14:30:00,255806490,19.7948,38.6419,22.9,345
2026-09-17 14:31:00,255806490,19.8099,38.6387,22.9,345
2026-09-17 14:20:00,440918230,5.6066,82.0863,18.9,272
2026-09-17 14:21:00,440918230,5.6072,82.0713,18.9,272
2026-09-17 14:22:00,440918230,5.6077,82.0563,18.9,272
2026-09-17 14:23:00,440918230,5.6082,82.0413,18.9,272
2026-09-17 14:24:00,440918230,5.6087,82.0263,18.9,272
2026-09-17 14:25:00,440918230,5.6093,82.0113,18.9,272
2026-09-17 14:26:00,440918230,5.6098,81.9964,18.9,272
2026-09-17 14:27:00,440918230,5.6103,81.9814,18.9,272
2026-09-17 14:28:00,440918230,5.6108,81.9664,18.9,272
2026-09-17 14:29:00,440918230,5.6114,81.9514,18.9,272
2026-09-17 14:30:00,440918230,5.6119,81.9364,18.9,272
2026-09-17 14:31:00,440918230,5.6124,81.9214,18.9,272
2026-09-17 14:20:00,310892301,24.3404,57.5612,14.5,298
2026-09-17 14:21:00,310892301,24.3548,57.5792,14.5,298
2026-09-17 14:22:00,310892301,24.3692,57.5972,14.5,298
2026-09-17 14:23:00,310892301,24.3836,57.6152,14.5,298
2026-09-17 14:24:00,310892301,24.398,57.6332,14.5,298
2026-09-17 14:25:00,310892301,24.4124,57.6692,14.0,290
2026-09-17 14:26:00,310892301,24.4265,57.6624,14.0,290
2026-09-17 14:27:00,310892301,24.4299,57.6472,14.0,290
2026-09-17 14:28:00,310892301,24.4202,57.635,14.0,290
2026-09-17 14:29:00,310892301,24.4046,57.635,14.0,290
2026-09-17 14:30:00,310892301,24.3949,57.6472,14.0,290
2026-09-17 14:31:00,310892301,24.3983,57.6624,14.0,290
2026-09-17 14:20:00,470912831,20.2559,68.1635,15.6,18
2026-09-17 14:21:00,470912831,20.2701,68.1681,15.6,18
2026-09-17 14:22:00,470912831,20.2844,68.1728,15.6,18
2026-09-17 14:23:00,470912831,20.2987,68.1774,15.6,18
2026-09-17 14:24:00,470912831,20.3129,68.1821,15.6,18
2026-09-17 14:25:00,470912831,20.3272,68.1867,15.6,18
2026-09-17 14:26:00,470912831,20.3415,68.1913,15.6,18
2026-09-17 14:27:00,470912831,20.3557,68.196,15.6,18
2026-09-17 14:28:00,470912831,20.37,68.2006,15.6,18
2026-09-17 14:29:00,470912831,20.3843,68.2052,15.6,18
2026-09-17 14:30:00,470912831,20.3985,68.2099,15.6,18
2026-09-17 14:31:00,470912831,20.4128,68.2145,15.6,18
2026-09-17 14:20:00,428091240,2.1755,73.3555,17.8,108
2026-09-17 14:21:00,428091240,2.1709,73.3697,17.8,108
2026-09-17 14:22:00,428091240,2.1662,73.384,17.8,108
2026-09-17 14:23:00,428091240,2.1616,73.3983,17.8,108
2026-09-17 14:24:00,428091240,2.1569,73.4125,17.8,108
2026-09-17 14:25:00,428091240,2.1523,73.4268,17.8,108
2026-09-17 14:26:00,428091240,2.1477,73.4411,17.8,108
2026-09-17 14:27:00,428091240,2.143,73.4553,17.8,108
2026-09-17 14:28:00,428091240,2.1384,73.4696,17.8,108
2026-09-17 14:29:00,428091240,2.1338,73.4839,17.8,108
2026-09-17 14:30:00,428091240,2.1291,73.4981,17.8,108
2026-09-17 14:31:00,428091240,2.1245,73.5124,17.8,108
2026-09-17 14:20:00,622189021,15.8371,41.456,12.1,160
2026-09-17 14:21:00,622189021,15.8231,41.4611,12.1,160
2026-09-17 14:22:00,622189021,15.809,41.4662,12.1,160
2026-09-17 14:23:00,622189021,15.7949,41.4714,12.1,160
2026-09-17 14:24:00,622189021,15.7808,41.4765,12.1,160
2026-09-17 14:25:00,622189021,15.7667,41.4816,12.1,160
2026-09-17 14:26:00,622189021,15.7526,41.4867,12.1,160
2026-09-17 14:27:00,622189021,15.7385,41.4919,12.1,160
2026-09-17 14:28:00,622189021,15.7292,41.5018,14.6,160
2026-09-17 14:29:00,622189021,15.7079,41.4997,14.6,160
2026-09-17 14:30:00,622189021,15.7005,41.5116,14.6,160
2026-09-17 14:31:00,622189021,15.681,41.5113,14.6,160
2026-09-17 14:20:00,566912301,1.304,103.7941,10.5,240
2026-09-17 14:21:00,566912301,1.2965,103.7811,10.5,240
2026-09-17 14:22:00,566912301,1.289,103.7681,10.5,240
2026-09-17 14:23:00,566912301,1.2815,103.7551,10.5,240
2026-09-17 14:24:00,566912301,1.274,103.7421,10.5,240
2026-09-17 14:25:00,566912301,1.2665,103.7291,10.5,240
2026-09-17 14:26:00,566912301,1.259,103.7162,10.5,240
2026-09-17 14:27:00,566912301,1.2515,103.7032,10.5,240
2026-09-17 14:28:00,566912301,1.244,103.6902,10.5,240
2026-09-17 14:29:00,566912301,1.2365,103.6772,10.5,240
2026-09-17 14:30:00,566912301,1.229,103.6642,10.5,240
2026-09-17 14:31:00,566912301,1.2215,103.6512,10.5,240
2026-09-17 14:20:00,311092834,4.7514,99.0229,15.9,142
2026-09-17 14:21:00,311092834,4.7396,99.0322,15.9,142
2026-09-17 14:22:00,311092834,4.7278,99.0414,15.9,142
2026-09-17 14:23:00,311092834,4.716,99.0506,15.9,142
2026-09-17 14:24:00,311092834,4.7041,99.0599,15.9,142
2026-09-17 14:25:00,311092834,4.6923,99.0691,15.9,142
2026-09-17 14:26:00,311092834,4.6805,99.0783,15.9,142
2026-09-17 14:27:00,311092834,4.6687,99.0876,15.9,142
2026-09-17 14:28:00,311092834,4.652,99.0919,18.4,142
2026-09-17 14:29:00,311092834,4.6482,99.1092,18.4,142
2026-09-17 14:30:00,311092834,4.6307,99.1127,18.4,142
2026-09-17 14:31:00,311092834,4.6231,99.1262,18.4,142
2026-09-17 14:20:00,408192301,17.6291,58.0291,14.8,225
2026-09-17 14:21:00,408192301,17.6185,58.0185,14.8,225
2026-09-17 14:22:00,408192301,17.6079,58.0079,14.8,225
2026-09-17 14:23:00,408192301,17.5973,57.9973,14.8,225
2026-09-17 14:24:00,408192301,17.5866,57.9866,14.8,225
2026-09-17 14:25:00,408192301,17.576,57.976,14.8,225
2026-09-17 14:26:00,408192301,17.5654,57.9654,14.8,225
2026-09-17 14:27:00,408192301,17.5548,57.9548,14.8,225
2026-09-17 14:28:00,408192301,17.5442,57.9442,14.8,225
2026-09-17 14:29:00,408192301,17.5336,57.9336,14.8,225
2026-09-17 14:30:00,408192301,17.523,57.923,14.8,225
2026-09-17 14:31:00,408192301,17.5124,57.9124,14.8,225
2026-09-17 14:20:00,210982341,-1.5182,77.0496,18.2,88
2026-09-17 14:21:00,210982341,-1.5176,77.0646,18.2,88
2026-09-17 14:22:00,210982341,-1.5171,77.0796,18.2,88
2026-09-17 14:23:00,210982341,-1.5166,77.0946,18.2,88
2026-09-17 14:24:00,210982341,-1.5161,77.1096,18.2,88
2026-09-17 14:25:00,210982341,-1.5155,77.1246,18.2,88
2026-09-17 14:26:00,210982341,-1.515,77.1395,18.2,88
2026-09-17 14:27:00,210982341,-1.5145,77.1545,18.2,88
2026-09-17 14:28:00,210982341,-1.514,77.1695,18.2,88
2026-09-17 14:29:00,210982341,-1.5134,77.1845,18.2,88
2026-09-17 14:30:00,210982341,-1.5129,77.1995,18.2,88
2026-09-17 14:31:00,210982341,-1.5124,77.2145,18.2,88
2026-09-17 14:20:00,470129845,22.7421,60.0601,16.4,312
2026-09-17 14:21:00,470129845,22.7522,60.049,16.4,312
2026-09-17 14:22:00,470129845,22.7622,60.0378,16.4,312
2026-09-17 14:23:00,470129845,22.7723,60.0267,16.4,312
2026-09-17 14:24:00,470129845,22.7823,60.0155,16.4,312
2026-09-17 14:25:00,470129845,22.7923,60.0044,16.4,312
2026-09-17 14:26:00,470129845,22.8024,59.9932,16.4,312
2026-09-17 14:27:00,470129845,22.9624,60.1321,21.4,357
2026-09-17 14:28:00,470129845,22.9824,60.1521,21.4,357
2026-09-17 14:29:00,470129845,23.0024,60.1721,21.4,357
2026-09-17 14:30:00,470129845,23.0224,60.1921,21.4,357
2026-09-17 14:31:00,470129845,23.0424,60.2121,21.4,357
2026-09-17 14:20:00,419091823,18.7499,89.2432,11.8,350
2026-09-17 14:21:00,419091823,18.7647,89.2405,11.8,350
2026-09-17 14:22:00,419091823,18.7795,89.2379,11.8,350
2026-09-17 14:23:00,419091823,18.7942,89.2353,11.8,350
2026-09-17 14:24:00,419091823,18.809,89.2327,11.8,350
2026-09-17 14:25:00,419091823,18.8238,89.2301,11.8,350
2026-09-17 14:26:00,419091823,18.8385,89.2275,11.8,350
2026-09-17 14:27:00,419091823,18.8533,89.2249,11.8,350
2026-09-17 14:28:00,419091823,18.8692,89.2234,14.3,350
2026-09-17 14:29:00,419091823,18.8875,89.2244,14.3,350
2026-09-17 14:30:00,419091823,18.9007,89.2201,14.3,350
2026-09-17 14:31:00,419091823,18.9101,89.2122,14.3,350
2026-09-17 14:20:00,564918234,1.2114,103.7918,12.3,75
2026-09-17 14:21:00,564918234,1.2153,103.8063,12.3,75
2026-09-17 14:22:00,564918234,1.2192,103.8208,12.3,75
2026-09-17 14:23:00,564918234,1.223,103.8353,12.3,75
2026-09-17 14:24:00,564918234,1.2269,103.8498,12.3,75
2026-09-17 14:25:00,564918234,1.2308,103.8643,12.3,75
2026-09-17 14:26:00,564918234,1.2347,103.8788,12.3,75
2026-09-17 14:27:00,564918234,1.2386,103.8932,12.3,75
2026-09-17 14:28:00,564918234,1.2425,103.9077,12.3,75
2026-09-17 14:29:00,564918234,1.2463,103.9222,12.3,75
2026-09-17 14:30:00,564918234,1.2502,103.9367,12.3,75
2026-09-17 14:31:00,564918234,1.2541,103.9512,12.3,75
